Trending,Headline
#CristianoRonaldo,MLS Forward Achieves Unprecedented Scoring Numbers.
#CristianoRonaldo,Cristiano Ronaldo breaks YouTube record for fastest subscriber gain.
#CristianoRonaldo,Cristiano Ronaldo reaches 900 career goals.
#CristianoRonaldo,Cristiano Ronaldo reaches 1 billion followers on social media.
#CristianoRonaldo,Cristiano Ronaldo beats Den Jiro.
#CristianoRonaldo,Cristiano Ronaldo confirms Euro 2024 as his final tournament.
#CristianoRonaldo,Cristiano Ronaldo's lawyers denied dismissal of his case by a judge.
#CristianoRonaldo,"France, Germany lead Euro 2024 power rankings, England struggles."
#CristianoRonaldo,Cristiano Ronaldo is surrounded by fans as he leaves a charity event.
#CristianoRonaldo,Cristiano Ronaldo's goalscoring ambitions continue at age 39.
#CristianoRonaldo,Cristiano Ronaldo is chased by fans for half a mile in Glasgow.
#CristianoRonaldo,Cristiano Ronaldo opts out of giving iPhone to son.
#CristianoRonaldo,Cristiano Ronaldo Launches YouTube Channel
#CristianoRonaldo,Cristiano Ronaldo often shows public affection for Georgina Rodriguez.
#CristianoRonaldo,"Cristiano Ronaldo hits 900 career goals, a subtle jab at Lionel Messi."
#LionelMessi,Lionel Messi wins MLS Player of the Matchday award.
#LionelMessi,Lionel Messi needs 2 more goals to top Inter Miami's scoring mark.
#LionelMessi,Protesters damage Lionel Messi's Spanish residence
#LionelMessi,Lionel Messi Continues to Captivate Fans Worldwide
#LionelMessi,Protesters vandalize Lionel Messi's Spanish home.
#LionelMessi,Argentina Qualifies for Copa America Quarterfinals
#LionelMessi,Lionel Messi joins Inter Miami.
#LionelMessi,Javier Pastore discusses Lionel Messi's departure from PSG.
#LionelMessi,Lionel Messi and Lamine Yamal were childhood friends
#LionelMessi,Lionel Messi's influence kept Lionel Scaloni as Argentina manager.
#LionelMessi,FC Dallas hosts Inter Miami at Cotton Bowl tonight.
#LionelMessi,Lionel Messi to start for Inter Miami against Philadelphia Union.
#LionelMessi,Lionel Messi photo with Lamine Yamal surfaces online
#LionelMessi,Lionel Messi's childhood photo with teammate goes viral.
#LionelMessi,Lionel Messi advises Lautaro Martinez not to celebrate.
#SelenaGomez,Selena Gomez talks new film role and relationship with music producer.
#SelenaGomez,Selena Gomez goes on date night with producer Benny Blanco.
#SelenaGomez,Benny Blanco unsure about dating Selena Gomez.
#SelenaGomez,Selena Gomez reacts with gratitude to being named a billionaire.
#SelenaGomez,Selena Gomez prioritizes humility over wealth.
#SelenaGomez,Selena Gomez shares her experience with learning Spanish.
#SelenaGomez,Selena Gomez and Edgar Ramirez's dance goes viral
#SelenaGomez,Selena Gomez enjoyed filming Wizards of Waverly Place reboot.
#SelenaGomez,Selena Gomez's dad is proud of her Spanish.
#SelenaGomez,Selena Gomez talks transitioning from child star to adult actress.
#SelenaGomez,Selena Gomez proudly lives with a mental illness.
#SelenaGomez,Selena Gomez on Wizards spin-off feeling like home again.
#SelenaGomez,Selena Gomez wears engagement ring.
#SelenaGomez,Selena Gomez responds to criticism over dance video with co-star.
#SelenaGomez,Selena Gomez and Benny Blanco spark engagement rumors.
#KylieJenner,The Kardashian-Jenner sisters attend glamorous Academy Museum gala.
#KylieJenner,Kylie Jenner wears skin-tight midi dress at vodka pop-up event.
#KylieJenner,Kylie Jenner advocates daytime party dress wear.
#KylieJenner,Kylie Jenner Revives Bodycon Midi Dress Trend
#KylieJenner,Kylie Jenner wears nostalgic 90s-inspired dress.
#KylieJenner,Kylie Jenner undergoes extensive plastic surgery procedures.
#KylieJenner,Kaia Gerber outgrows celebrity sisters in height.
#KylieJenner,Kylie Jenner releases new photos from NYC event.
#KylieJenner,Kylie Jenner reportedly infuriates models at Paris Fashion Week.
#KylieJenner,"Kim, Kendall, and Kylie Shine, But Zendaya Stuns in Cher Dress"
#KylieJenner,Kylie and Kendall Jenner attend Academy Museum Gala.
#KylieJenner,Jason Kendall dies October 15 2024 in Roy Utah.
#KylieJenner,Kylie Jenner wears revealing outfit on night out.
#KylieJenner,Kylie Jenner attends Sprinter Vodka pop-up event in NYC.
#KylieJenner,Kylie Jenner wears nude see-through dress.
#DwayneJohnson,Dwayne Johnson suffers elbow injury filming new movie.
#DwayneJohnson,Dwayne Johnson meets fan he inspired to lose weight.
#DwayneJohnson,Zoa harnessed The Rock's signature enthusiasm for new ad campaign.
#DwayneJohnson,"Dwayne Johnson displays muscular build, showcases unique talent."
#DwayneJohnson,The Rock has unusual contract provision.
#DwayneJohnson,Dwayne Johnson launches energy campaign for ZOA.
#DwayneJohnson,Dwayne Johnson visits Walter Reed Medical Center.
#DwayneJohnson,"Dwayne ""The Rock"" Johnson faces criticism for appearing on Fox News."
#DwayneJohnson,"John Cena comments on The Rock, Vin Diesel feud."
#DwayneJohnson,Dwayne Johnson adopts new rescue dog named Extra.
#DwayneJohnson,"Dwayne ""The Rock"" Johnson revises In-N-Out comments"
#DwayneJohnson,Dwayne Johnson being considered for presidency
#DwayneJohnson,Dwayne Johnson is close to Red Notice co-star Ryan Reynolds
#DwayneJohnson,Dwayne Johnson donates to Maui wildfire fund despite backlash.
#DwayneJohnson,Dwayne Johnson chose not to reconcile with his deceased father.
#ArianaGrande,Ariana Grande Apologizes to Elvira.
#ArianaGrande,Ariana Grande Discusses Fan-Edited 'Wicked' Posts with Cynthia Erivo.
#ArianaGrande,Elvira's worst celebrity encounter was with Ariana Grande.
#ArianaGrande,Ariana Grande attends 2024 Academy Museum Gala in Balmain gown.
#ArianaGrande,Cynthia Erivo and Ariana Grande to Star in Wicked Production.
#ArianaGrande,Ariana Grande and others make stunning fashion statements.
#ArianaGrande,"Lady Gaga, Selena Gomez, and Ariana Grande shine at awards shows."
#ArianaGrande,Ariana Grande Apologizes to Actress She Allegedly Snubbed.
#ArianaGrande,Elvira says Ariana Grande was rude to her at an event.
#ArianaGrande,Ariana Grande responds to allegations of rudeness made by Elvira.
#ArianaGrande,Ariana Grande apologizes to Elvira after meeting mishap.
#ArianaGrande,Ariana Grande's behavior sparks outrage among fans.
#ArianaGrande,Ariana Grande apologizes to Elvira.
#ArianaGrande,Elvira Criticizes Ariana Grande's Meet and Greet Behavior
#ArianaGrande,Ariana Grande apologizes for declining photo op with Elvira.
#KimKardashian,Kim Kardashian gets diamond necklace as gift from daughter North
#KimKardashian,Kim Kardashian receives diamond necklace from North West.
#KimKardashian,Kim Kardashian receives custom diamond necklace from daughter North.
#KimKardashian,Kim Kardashian celebrates 44th birthday in birthday attire
#KimKardashian,Kim Kardashian focuses on motherhood with husband's support.
#KimKardashian,Kim Kardashian wore a vintage Mugler corset to an Academy Museum gala.
#KimKardashian,Ivanka Trump wishes happy birthday to longtime friend Kim Kardashian.
#KimKardashian,Sarah Jessica Parker and Kim Kardashian Launch $16 Eye Cream
#KimKardashian,Kim Kardashian comments on Menendez brothers' potential parole.
#KimKardashian,Kim Kardashian and Doja Cat born on October 21.
#KimKardashian,"Kim Kardashian talks Menendez Brothers, teases Monster's TV spinoffs."
#KimKardashian,Naomi Watts forms close bond with Kim Kardashian.
#KimKardashian,Kim Kardashian gets personalized necklace from daughter North.
#KimKardashian,Kim Kardashian turns 44 wearing nothing but a smile.
#KimKardashian,Kim Kardashian wears tight dress for birthday celebration.
#Beyoncé,Beyonce wore a crystal suit to her sister Solange's charity event.
#Beyoncé,BeyoncÃ© shows off confident style with bedazzled pinstripe suit.
#Beyoncé,BeyoncÃ© attends rare outing with Jay-Z and sister Solange.
#Beyoncé,BeyoncÃ© wears revealing grey blazer for photo shoot.
#Beyoncé,BeyoncÃ© and Rihanna lead Best Melodic Rap Performance nominees.
#Beyoncé,"BeyoncÃ© met Jay-Z at 19, starting a long-term relationship."
#Beyoncé,Jaguar Wright makes shocking claims against Jay-Z and BeyoncÃ©.
#Beyoncé,Lewis Gibson wins ice dance title with help from BeyoncÃ©.
#Beyoncé,Beyoncé's Cérecéd hair care product reviewed
#Beyoncé,"BeyoncÃ©, 19, falls for Jay-Z."
#Beyoncé,Jojo Siwa's disappearance sparks speculation among fans.
#Beyoncé,BeyoncÃ©'s low-cut suit caused controversy on stage.
#Beyoncé,Diddy and BeyoncÃ© involved in recent scandal
#Beyoncé,BeyoncÃ©'s song inspired Levi's marketing campaign
#Beyoncé,BeyoncÃ©'s personal and professional details are widely known.
#KhloéKardashian,Khloe Kardashian criticized for weight-related video.
#KhloéKardashian,Khloe Kardashian plans to expand family with Tristan Thompson.
#KhloéKardashian,Kardashian family presence raises security concerns on TV set.
#KhloéKardashian,Khloe Kardashian attends son Tristan's basketball game.
#JustinBieber,Justin Bieber's dad posts pictures of his young daughter on Instagram.
#JustinBieber,Justin Bieber pays tribute to late One Direction singer Liam Payne.
#JustinBieber,Justin Bieber joins Don Toliver on stage at LA show.
#JustinBieber,Justin Bieber's song reaches new all-time high on charts.
#JustinBieber,Hailey Bieber says marriage on brink of collapse due to Diddy scandal.
#JustinBieber,Justin Bieber's viral song may be AI-generated.
#JustinBieber,"Justin Bieber's past failures justify criticism, not just apologies."
#JustinBieber,Justin Bieber reportedly upset by Diddy's arrest and allegations.
#JustinBieber,Justin Bieber prioritizes family life.
#JustinBieber,Justin Bieber's well-being is a priority amidst recent controversy.
#JustinBieber,Justin Bieber pays tribute to deceased loved one.
#JustinBieber,Justin Bieber pays tribute to late One Direction member Liam Payne.
#JustinBieber,Justin Bieber pays tribute to late friend Liam Payne.
#JustinBieber,Justin Bieber pays tribute to late singer Liam Payne.
#JustinBieber,Liam Payne's death has not been confirmed.